rule_id,item_keywords,accepted_in_plastic_only_bin,answer_title,chatbot_response,preparation_steps,redirect_if_not_accepted,escalation_trigger,category,confidence,source_url
P001,green tea bottle; tea bottle; plastic tea bottle; plastic green tea bottle; drink bottle; beverage bottle; plastic drink bottle; plastic beverage bottle; PET bottle; water bottle; soft drink bottle; isotonic drink bottle; juice bottle; bottle,yes,Yes — if it is a plastic drink bottle,"A plastic green tea or drink bottle can go into the plastics-only bin if it is empty, clean and dry.",Empty all liquid. Give it a quick rinse if sticky. Let it dry. Flatten only if your bin sign allows it. Put the plastic cap back on.,"If it still contains liquid or tea residue, empty and rinse it first. If it is a glass bottle or metal can, do not use this plastics-only bin.","If the bottle is leaking, smells, or has mould/unknown residue, use general waste or ask facilities.",Plastic bottles,High,https://www.nea.gov.sg/media/news/news/index/new-bloobin-ai-chatbot-to-help-public-recycle-right
P002,mineral water bottle; plain water bottle; bottled water; plastic water bottle; disposable water bottle,yes,Yes — plastic water bottles are accepted,"Plastic water bottles are accepted in the plastics-only bin when empty, clean and dry.",Empty remaining water. Put the plastic cap back on. Flatten if suitable.,"If the bottle has non-plastic attachments or is heavily contaminated, remove what you can or use general waste.",Report if the bin is full of liquid-filled bottles.,Plastic bottles,High,https://www.nea.gov.sg/media/news/news/index/new-bloobin-ai-chatbot-to-help-public-recycle-right
P003,BCRS bottle; deposit mark bottle; return right bottle; 10 cent deposit bottle; 10 cents deposit bottle; deposit plastic bottle; refund bottle,conditional,Conditional — use Return Right if it has a deposit mark,"If the plastic beverage bottle has the BCRS Deposit Mark, return it to a Return Right RVM if you want the 10¢ refund. If it is being placed in this plastics-only bin, it still needs to be empty, clean and dry.","For RVM refund, keep the container empty and uncrushed. For the plastics-only bin, follow the bin rules and make sure it is empty, clean and dry.","If it is a metal can with a deposit mark, do not put it in this plastics-only bin. Use a Return Right RVM or the correct metal recycling stream.",Ask facilities if your site has a separate BCRS collection point.,Beverage container return scheme,High,https://www.nea.gov.sg/our-services/waste-management/beverage-container-return-scheme/for-consumers
P004,plastic bottle cap; bottle cap; plastic cap; cap from bottle; screw cap; drink cap,yes,Yes — plastic bottle caps can stay on plastic bottles,Plastic caps can be recycled with the plastic bottle. Keeping the cap on after emptying the bottle helps prevent loose small items from being lost.,"Empty the bottle first. If the cap is plastic, screw it back on.","If the cap is metal, rubber, or mixed material, keep it out of this plastics-only bin.","If many loose caps are scattered around the bin, report contamination or housekeeping issue.",Plastic bottle parts,High,https://www.nea.gov.sg/docs/default-source/our-services/waste-management/recycling-faqs.pdf
P005,plastic bottle label; bottle label; shrink label; plastic label; drink bottle label,yes,Yes — labels can usually stay on,Labels on plastic drink bottles do not usually need to be removed for normal recycling guidance.,"Empty, rinse and dry the bottle. Leave the label on unless your bin sign says otherwise.","If the label is covered with food, oil or unknown residue, clean it or use general waste.",,Plastic bottle parts,High,https://www.nea.gov.sg/docs/default-source/our-services/waste-management/recycling-faqs.pdf
P006,shampoo bottle; soap bottle; body wash bottle; detergent bottle; laundry detergent bottle; cleaning product bottle; hand soap bottle; dish soap bottle,yes,Yes — plastic hygiene and detergent bottles are accepted,"Plastic shampoo, soap, detergent and cleaning bottles can go into the plastics-only bin if they are empty, clean and dry.",Empty the bottle. Rinse away leftover soap or detergent. Let it dry. Keep the plastic cap on.,"If it still contains product, empty it first. If it held hazardous chemicals, do not use this bin.","For chemical containers, ask facilities before disposal.",Plastic bottles,High,https://www.nea.gov.sg/media/news/news/index/new-bloobin-ai-chatbot-to-help-public-recycle-right
P007,pump bottle; pump dispenser bottle; lotion pump bottle; soap pump bottle; spray pump bottle,conditional,"Conditional — bottle yes, mixed pump may be no","The plastic bottle is usually accepted if empty, clean and dry. The pump may contain metal springs or mixed materials, so remove it if possible.",Empty and rinse the bottle. Remove the pump if it is mixed material. Recycle the plastic bottle only.,Put the mixed pump in general waste unless your recycler accepts it.,Ask facilities if many pump parts are being placed in the bin.,Plastic bottles,High,https://www.nea.gov.sg/docs/default-source/our-services/waste-management/recycling-faqs.pdf
P008,plastic container; food container; takeaway container; takeout container; lunch box container; plastic lunch box; clear food container; meal container,conditional,Conditional — only if clean and not greasy,"A plastic food or takeaway container can only go into the plastics-only bin if it is empty, clean, dry and not oily or greasy.",Remove food. Rinse off sauce or residue. Dry it before recycling.,"If it is oily, greasy, stained with food, or needs too much washing, use general waste.","If food waste is found in the bin, report contamination.",Plastic food containers,High,https://www.nea.gov.sg/media/news/news/index/new-bloobin-ai-chatbot-to-help-public-recycle-right
P009,salad container; fruit box; fruit punnet; berry box; clear plastic box; plastic produce box; clamshell container; egg tray plastic,yes,Yes — clean clear plastic boxes are accepted,"Clean plastic fruit boxes, salad containers, egg trays and clamshell containers can go into the plastics-only bin if empty, clean and dry.","Remove food scraps, stickers where practical, absorbent pads and liquid. Rinse if sticky and dry.","If it is made of foam, paper, cardboard, or is greasy, do not use this bin.",,Plastic trays and boxes,High,https://www.nea.gov.sg/media/news/news/index/new-bloobin-ai-chatbot-to-help-public-recycle-right
P010,yoghurt cup; yogurt cup; pudding cup; jelly cup; dessert cup; plastic dessert cup,conditional,Conditional — only if fully clean,"Plastic yoghurt, pudding or dessert cups are only accepted if all food residue is removed and the cup is dry.",Scrape out food residue. Rinse the cup. Let it dry.,"If the cup is sticky, oily, or still has dairy/food residue, use general waste.",Report if food-stained cups are repeatedly contaminating the bin.,Plastic cups,High,https://www.nea.gov.sg/media/news/news/index/new-bloobin-ai-chatbot-to-help-public-recycle-right
P011,plastic cup; cold drink cup; iced drink cup; bubble tea cup; takeaway drink cup; smoothie cup; plastic coffee cup,conditional,Conditional — only the clean plastic cup,"A plastic drink cup can go into the plastics-only bin only if it is empty, clean and dry.",Empty ice and liquid. Remove straw and food residue. Rinse if sticky. Dry before recycling.,"If it contains liquid, pearls, toppings, whipped cream, paper sleeve, or food residue, use general waste after emptying.",Report if many cups with liquid are placed in the bin.,Plastic cups,High,https://www.nea.gov.sg/media/news/news/index/new-bloobin-ai-chatbot-to-help-public-recycle-right
P012,plastic lid; cup lid; clear plastic lid; takeaway lid; bubble tea lid; drink lid,conditional,Conditional — plastic lids only,"Plastic lids can go into the plastics-only bin if they are clean and dry. Small loose lids may be missed during sorting, so follow your bin signage if it says to keep lids attached.",Rinse if sticky. Dry. Keep with the matching plastic cup/container where possible.,"If the lid is paper, foil, compostable material, or contaminated with food, do not use this bin.",,Plastic lids,High,https://www.nea.gov.sg/docs/default-source/our-services/waste-management/recycling-faqs.pdf
P013,plastic bag; shopping bag; grocery bag; carrier bag; bread bag; clean plastic bag; poly bag,conditional,Conditional — clean soft plastic only if your bin accepts film,"Clean plastic bags are plastic, but some plastics-only bins are designed mainly for bottles and containers. Recycle them only if your site’s bin signage accepts soft plastics or film.","Empty the bag. Remove receipts, food and liquid. Keep it clean and dry.","If dirty, wet, greasy or used for food waste, use general waste. If your bin signage excludes soft plastics, do not place it here.",Ask facilities to confirm whether this plastics-only bin accepts soft plastics.,Soft plastics,Medium,https://www.nea.gov.sg/docs/default-source/our-services/waste-management/recycling-faqs.pdf
P014,bubble wrap; air pillow; plastic air pillow; plastic packaging film; stretch wrap; cling wrap packaging; shrink wrap,conditional,Conditional — only if clean and accepted by site,"Bubble wrap, air pillows and plastic film are soft plastics. They should only go into this plastics-only bin if the site accepts soft plastics.","Remove tape, paper labels and food residue. Deflate air pillows if practical. Keep clean and dry.","If dirty, oily, wet, or mixed with paper/foil, use general waste.",Ask facilities if soft plastics are causing collection issues.,Soft plastics,Medium,https://www.nea.gov.sg/docs/default-source/our-services/waste-management/recycling-faqs.pdf
P015,ziplock bag; zip lock bag; zip bag; resealable bag; freezer bag,conditional,Conditional — only if clean and dry,A clean ziplock or resealable plastic bag may be accepted only if your plastics-only bin accepts soft plastics.,"Remove food crumbs, liquid and labels. Rinse and dry if needed.","If used for oily food, raw food, medicine, chemicals, or wet items, use general waste.",,Soft plastics,Medium,https://www.nea.gov.sg/docs/default-source/our-services/waste-management/recycling-faqs.pdf
P016,plastic wrapper; snack wrapper; sweet wrapper; candy wrapper; biscuit wrapper; chocolate wrapper; wrapper,no,No — most wrappers are not accepted,"Most snack, candy and biscuit wrappers are not suitable for this plastics-only recycling bin because they are often small, multi-layered, foil-lined or contaminated.",,Use general waste. Choose larger recyclable packaging or reusable containers where possible.,,Flexible packaging,High,https://www.nea.gov.sg/media/news/news/index/new-bloobin-ai-chatbot-to-help-public-recycle-right
P017,chip bag; chips bag; potato chip bag; foil packet; foil lined packet; foil packaging; metallic wrapper,no,No — foil-lined packaging does not belong here,"Foil-lined snack bags and metallic wrappers are mixed-material packaging, so they should not go into the plastics-only bin.",,Use general waste unless there is a dedicated programme for that packaging.,,Flexible packaging,High,https://www.nea.gov.sg/media/news/news/index/new-bloobin-ai-chatbot-to-help-public-recycle-right
P018,sachet; sauce sachet; ketchup sachet; chilli packet; condiment packet; instant coffee sachet; tea sachet; 3 in 1 sachet,no,No — sachets are not accepted,"Small sachets are usually multi-layered and often contain food residue, so they should not go into the plastics-only bin.",,Use general waste.,,Flexible packaging,High,https://www.nea.gov.sg/media/news/news/index/new-bloobin-ai-chatbot-to-help-public-recycle-right
P019,straw; plastic straw; drinking straw,no,No — straws are too small and easily contaminated,"Plastic straws should not go into this plastics-only bin because they are small, often contaminated, and difficult to sort.",,Use general waste. Reduce by skipping straws where possible.,,Small plastics,High,https://www.nea.gov.sg/docs/default-source/our-services/waste-management/recycling-faqs.pdf
P020,plastic cutlery; fork; spoon; knife; plastic fork; plastic spoon; disposable cutlery; plastic utensil,no,No — disposable cutlery should not go here,"Disposable plastic cutlery is usually too small, low-value, and often food-contaminated. Do not place it in the plastics-only bin.",,Use general waste. Consider reusable cutlery for future meals.,,Small plastics,High,https://www.nea.gov.sg/docs/default-source/our-services/waste-management/recycling-faqs.pdf
P021,stirrer; coffee stirrer; plastic stirrer; toothpick wrapper,no,No — small plastic stirrers are not accepted,Small plastic stirrers are difficult to sort and should not go into the plastics-only bin.,,Use general waste.,,Small plastics,High,https://www.nea.gov.sg/docs/default-source/our-services/waste-management/recycling-faqs.pdf
P022,plastic plate; disposable plastic plate; party plate; plastic bowl; disposable bowl,conditional,"Conditional — only if rigid, clean and dry","Rigid plastic plates or bowls can only be recycled if they are empty, clean and dry. Food-stained disposable tableware should not go in.",Remove all food. Rinse if needed. Dry before recycling.,"If greasy, oily, stained or still holding food, use general waste.",Report food contamination if repeated.,Plastic tableware,High,https://www.nea.gov.sg/media/news/news/index/new-bloobin-ai-chatbot-to-help-public-recycle-right
P023,styrofoam; polystyrene; foam box; foam cup; foam container; foam tray; packing peanuts; cooler box,no,No — styrofoam and foam are not accepted,"Styrofoam, polystyrene, foam food boxes, foam cups, packing peanuts and cooler boxes should not go into the plastics-only bin.",,Use general waste unless your site has a dedicated foam recycling programme.,Report if foam items are filling the plastics-only bin.,Foam plastics,High,https://www.nea.gov.sg/media/news/news/index/new-bloobin-ai-chatbot-to-help-public-recycle-right
P024,melamine; melamine plate; melamine bowl; melamine cup; hard melamine product,no,No — melamine products are not accepted,Melamine products are not accepted in this plastics-only recycling bin.,,"If reusable, donate or reuse. If damaged, use general waste.",,Non-recyclable plastics,High,https://www.nea.gov.sg/media/news/news/index/new-bloobin-ai-chatbot-to-help-public-recycle-right
P025,toy; plastic toy; lego; action figure; figurine; soft toy; plush toy,no,No — toys do not belong in this bin,"Toys often contain mixed materials, electronics, paint, fabric or small parts. They should not go into the plastics-only bin.",,"Donate usable toys. If broken and non-electronic, use general waste. If electronic, use e-waste recycling.",Report if bulky toys are dumped near the bin.,Toys,High,https://www.nea.gov.sg/media/news/news/index/new-bloobin-ai-chatbot-to-help-public-recycle-right
P026,credit card; debit card; membership card; student card; expired card; access card; ezlink card,no,No — cards are not accepted,"Plastic cards such as credit, membership and access cards are not accepted in this plastics-only bin because they may contain chips, magnetic strips or mixed materials.",,"Cut up sensitive cards and dispose of them securely. For stored-value or electronic cards, follow issuer instructions or e-waste guidance.",Do not expose personal data in the bin.,Cards,High,https://www.nea.gov.sg/media/news/news/index/new-bloobin-ai-chatbot-to-help-public-recycle-right
P027,pen; marker; highlighter; mechanical pencil; correction tape; stationery,no,No — stationery is not accepted,"Pens, markers, highlighters and correction tape contain mixed plastics, ink, springs or small parts. They should not go into the plastics-only bin.",,Use general waste or a dedicated stationery recycling programme if available.,,Stationery,High,https://www.nea.gov.sg/docs/default-source/our-services/waste-management/recycling-faqs.pdf
P028,toothbrush; toothpaste tube; razor; disposable razor; comb; hairbrush,no,No — personal care items are not accepted,"Toothbrushes, toothpaste tubes, razors, combs and hairbrushes are usually mixed-material items and should not go into this plastics-only bin.",,Use general waste unless a dedicated take-back programme is available.,,Personal care,High,https://www.nea.gov.sg/docs/default-source/our-services/waste-management/recycling-faqs.pdf
P029,medicine bottle; pill bottle; vitamin bottle; supplement bottle; pharmacy bottle,conditional,Conditional — empty plastic bottles only,"Empty plastic medicine or vitamin bottles may be accepted if they are clean, dry and have no medicine left inside.",Remove personal labels if needed. Empty fully. Rinse and dry.,"Do not place pills, liquids, medical sharps or medicine residue in this bin.","For medicines or sharps, ask a pharmacy, clinic or facilities team.",Medicine packaging,High,https://www.nea.gov.sg/docs/default-source/our-services/waste-management/recycling-faqs.pdf
P030,blister pack; pill blister pack; medicine blister; tablet blister; capsule blister,no,No — blister packs are mixed material,"Medicine blister packs are usually plastic and foil mixed together, so they should not go into the plastics-only bin.",,Use general waste unless a dedicated blister-pack recycling programme is available.,,Medicine packaging,High,https://www.nea.gov.sg/docs/default-source/our-services/waste-management/recycling-faqs.pdf
P031,mask; face mask; surgical mask; glove; plastic glove; disposable glove; PPE,no,No — PPE is general waste,Masks and disposable gloves should not go into the plastics-only recycling bin because of hygiene and contamination risks.,,Use general waste.,Report if PPE is contaminating the bin.,Hygiene waste,High,https://www.nea.gov.sg/media/news/news/index/new-bloobin-ai-chatbot-to-help-public-recycle-right
P032,wet wipe; tissue; napkin; paper towel; used tissue; serviette,no,No — tissue and wipes are not plastic recycling,"Tissue, napkins, paper towels and wet wipes do not belong in this plastics-only bin, especially when used or wet.",,Use general waste.,Report contamination if tissues are being dumped into the plastics-only bin.,Paper and hygiene waste,High,https://www.nea.gov.sg/media/news/news/index/new-bloobin-ai-chatbot-to-help-public-recycle-right
P033,paper; newspaper; magazine; envelope; printed paper; office paper; paper bag; cardboard; carton box,no,No — paper/cardboard is not for this plastics-only bin,"Paper and cardboard may be recyclable elsewhere, but they should not go into a plastics-only bin.",,"Use the paper recycling stream, blue bin, or general waste if wet/dirty.",,Non-plastic recyclable,High,https://www.nea.gov.sg/docs/default-source/our-services/waste-management/recycling-faqs.pdf
P034,milk carton; drink carton; tetra pak; juice carton; carton drink; UHT carton,no,No — cartons are not plastics-only items,Drink cartons are mixed-material packaging and should not go into this plastics-only bin.,,"Use the correct recycling stream if available. If dirty or not accepted onsite, use general waste.",,Non-plastic recyclable,High,https://www.nea.gov.sg/docs/default-source/our-services/waste-management/recycling-faqs.pdf
P035,aluminium can; aluminum can; metal can; drink can; soda can; tin can; steel can; canned food can,no,No — metal cans are not for this plastics-only bin,"Metal cans may be recyclable elsewhere, but they do not belong in a plastics-only bin.",,"Use the metal recycling stream, Return Right RVM if eligible, or blue bin if appropriate for your site.",,Non-plastic recyclable,High,https://www.nea.gov.sg/docs/default-source/our-services/waste-management/recycling-faqs.pdf
P036,glass bottle; glass jar; wine bottle; beer bottle; jam jar; glass container; glass cup,no,No — glass is not for this plastics-only bin,"Glass bottles and jars may be recyclable elsewhere, but they should not go into a plastics-only bin.",,"Use the glass recycling stream or blue bin if suitable for your site. If broken, wrap safely and use proper disposal.",Report broken glass near the bin for safety.,Non-plastic recyclable,High,https://www.nea.gov.sg/docs/default-source/our-services/waste-management/recycling-faqs.pdf
P037,ceramic; ceramic cup; mug; plate; porcelain; clay cup; glassware,no,No — ceramic and glassware are not accepted,"Ceramic cups, mugs, plates and glassware are not plastic items and should not go into the plastics-only bin.",,"Reuse, donate if usable, or use general waste if broken/damaged.",Report broken items for safety.,Non-plastic waste,High,https://www.nea.gov.sg/docs/default-source/our-services/waste-management/recycling-faqs.pdf
P038,food waste; leftover food; banana peel; apple core; rice; noodles; tea leaves; coffee grounds,no,No — food waste contaminates recycling,Food waste must never go into the plastics-only recycling bin because it contaminates otherwise recyclable items.,,"Use food waste collection if available, or general waste.",Report contamination if food waste is inside the bin.,Food waste,High,https://www.nea.gov.sg/media/news/news/index/new-bloobin-ai-chatbot-to-help-public-recycle-right
P039,liquid; water; tea; coffee; soft drink; juice; soup; leftover drink; ice,no,No — liquids must be emptied first,Liquids should not go into the plastics-only recycling bin because they contaminate recyclables and make the bin dirty.,,"Pour liquids into the sink where appropriate, then recycle only the empty, clean and dry plastic container if accepted.",Report leaking bins or repeated liquid contamination.,Liquids,High,https://www.nea.gov.sg/media/news/news/index/new-bloobin-ai-chatbot-to-help-public-recycle-right
P040,oily container; greasy container; food stained container; sauce container; curry container; dirty plastic container; mouldy container,no,No — dirty or greasy plastics are not accepted,"Dirty, greasy, food-stained or mouldy plastics should not go into the plastics-only bin because they contaminate the stream.",,"If it cannot be cleaned with a quick rinse, use general waste.",Report contamination if many dirty containers are found.,Contaminated plastics,High,https://www.nea.gov.sg/media/news/news/index/new-bloobin-ai-chatbot-to-help-public-recycle-right
P041,biodegradable plastic; compostable plastic; PLA cup; cornstarch cup; oxo biodegradable plastic; plant based plastic,no,No — compostable plastics are not for this bin,Compostable or biodegradable plastics should not go into this plastics-only recycling bin because they can contaminate conventional plastic recycling.,,Use general waste unless your site has a dedicated compostable packaging collection.,Ask facilities if event vendors supply compostable packaging.,Compostable packaging,High,https://www.nea.gov.sg/docs/default-source/our-services/waste-management/recycling-faqs.pdf
P042,paper cup; coffee cup; hot drink cup; takeaway coffee cup; paper bowl; paper plate,no,No — paper cups and bowls are not plastics-only items,Paper cups and bowls are not accepted in this plastics-only bin. Many also have plastic lining and food/drink residue.,,Use general waste unless your site has a dedicated paper cup recycling programme.,,Paper foodware,High,https://www.nea.gov.sg/media/news/news/index/new-bloobin-ai-chatbot-to-help-public-recycle-right
P043,plastic hanger; clothes hanger; coat hanger,no,No — hangers are not accepted,"Plastic hangers are usually bulky, mixed-material, or unsuitable for this bin.",,"Reuse, return to a shop if accepted, donate if usable, or use general waste.",Report bulky items blocking the bin.,Bulky plastics,High,https://www.nea.gov.sg/docs/default-source/our-services/waste-management/recycling-faqs.pdf
P044,plastic folder; clear folder; file folder; plastic sleeve; document sleeve,conditional,Conditional — check material and site policy,"Thin plastic folders and sleeves may not be accepted by all plastics-only bins, especially if they are PVC or mixed with metal clips.","Remove paper, metal clips and labels. Only place it in the bin if your site accepts this type of plastic.","If unsure, use general waste or ask facilities.",Ask facilities to confirm if office plastic stationery is accepted.,Office plastics,Medium,https://www.nea.gov.sg/docs/default-source/our-services/waste-management/recycling-faqs.pdf
P045,laminated paper; laminated card; name tag; lanyard card; laminated poster,no,No — laminated items are mixed material,Laminated paper and cards are mixed materials and should not go into the plastics-only bin.,,Use general waste unless there is a dedicated recycling programme.,,Mixed materials,High,https://www.nea.gov.sg/docs/default-source/our-services/waste-management/recycling-faqs.pdf
P046,plastic tube; squeeze tube; cosmetic tube; sunscreen tube; lotion tube; toothpaste tube,no,No — squeeze tubes are usually not accepted,"Squeeze tubes are often multi-layered and hard to clean fully, so they should not go into the plastics-only bin.",,Use general waste unless a brand take-back programme accepts it.,,Personal care packaging,High,https://www.nea.gov.sg/docs/default-source/our-services/waste-management/recycling-faqs.pdf
P047,cosmetic bottle; makeup bottle; skincare bottle; serum bottle; toner bottle; cleanser bottle,conditional,Conditional — empty plastic bottles only,"Plastic cosmetic or skincare bottles may be accepted if they are empty, clean and dry. Mixed-material pumps, mirrors or applicators should not go in.",Empty product. Rinse if possible. Remove mixed pumps/applicators.,"If still sticky, oily, or glass, do not use this plastics-only bin.",,Personal care packaging,https://www.nea.gov.sg/docs/default-source/our-services/waste-management/recycling-faqs.pdf,https://www.nea.gov.sg/media/news/news/index/new-bloobin-ai-chatbot-to-help-public-recycle-right
P048,laundry capsule tub; detergent tub; plastic tub; protein powder tub; large plastic tub,yes,Yes — rigid plastic tubs are accepted if clean,"Rigid plastic tubs can go into the plastics-only bin if they are empty, clean and dry.",Empty all contents. Rinse if powdery or sticky. Dry. Replace plastic lid if accepted.,"If it held chemicals, hazardous material or food residue that cannot be cleaned, do not use this bin.",Ask facilities if the tub is too bulky for the bin opening.,Rigid plastic tubs,https://www.nea.gov.sg/docs/default-source/our-services/waste-management/recycling-faqs.pdf,https://www.nea.gov.sg/media/news/news/index/new-bloobin-ai-chatbot-to-help-public-recycle-right
P049,plastic pail; plastic bucket; plastic basin; plastic crate; storage box,conditional,Conditional — only if site accepts bulky rigid plastics,Bulky rigid plastics may not fit or may not be part of this bin’s collection stream. Check with facilities before placing large items in the plastics-only bin.,Empty and clean the item.,"Do not force bulky items into the bin. Reuse, donate, or ask facilities for bulky disposal.",Escalate to facilities for bulky plastics.,Bulky plastics,Medium,https://www.nea.gov.sg/docs/default-source/our-services/waste-management/recycling-faqs.pdf
P050,plastic plant pot; plant pot; nursery pot; flower pot,conditional,Conditional — only if clean and accepted by site,"Plastic plant pots may be recyclable only if empty, clean and dry, but many are dirty with soil and may not be accepted by this bin.",Remove all soil and plant matter. Rinse and dry.,"If soil-stained, muddy or too bulky, use general waste or check with facilities.",,Garden plastics,Medium,https://www.nea.gov.sg/docs/default-source/our-services/waste-management/recycling-faqs.pdf
P051,plastic plate packaging; plastic packaging tray; electronics plastic tray; moulded plastic packaging; plastic insert,conditional,Conditional — clean packaging only,"Clean rigid plastic packaging trays may be accepted if they are plastic, empty, clean and dry.","Remove paper, foam, tape and labels where practical.","If it is black plastic, foam, foil-lined, dirty, or mixed with paper, do not use this bin.",,Packaging,Medium,https://www.nea.gov.sg/docs/default-source/our-services/waste-management/recycling-faqs.pdf
P052,black plastic; black plastic tray; black takeaway container; black food tray,conditional,Conditional — check site policy,Black plastic can be difficult for some sorting systems. Only recycle it if your plastics-only bin signage or facilities team confirms it is accepted.,Clean and dry fully before recycling.,"If unsure or food-stained, use general waste.",Ask facilities whether black plastic is accepted by your recycler.,Hard-to-sort plastics,Medium,https://www.nea.gov.sg/docs/default-source/our-services/waste-management/recycling-faqs.pdf
P053,PVC; PVC plastic; vinyl; vinyl packaging; PVC folder,conditional,Conditional — often not accepted,PVC/vinyl plastics are not always accepted in general plastic recycling streams. Check the bin signage or facilities guidance.,Only recycle if the site explicitly accepts PVC.,"If unsure, use general waste.",Ask facilities to clarify accepted plastic resin types.,Plastic resin types,Medium,https://www.nea.gov.sg/docs/default-source/our-services/waste-management/recycling-faqs.pdf
P054,plastic number 1; PET 1; PETE 1; resin code 1,yes,Usually yes — PET bottles/containers are commonly accepted,"PET plastic bottles and containers are generally acceptable when empty, clean and dry.","Empty, rinse if sticky, and dry.","If contaminated or not packaging, use general waste or ask facilities.",,Plastic resin types,https://www.nea.gov.sg/docs/default-source/our-services/waste-management/recycling-faqs.pdf,https://www.nea.gov.sg/media/news/news/index/new-bloobin-ai-chatbot-to-help-public-recycle-right
P055,plastic number 2; HDPE 2; resin code 2,yes,Usually yes — HDPE bottles/containers are commonly accepted,"HDPE plastic bottles and containers are generally acceptable when empty, clean and dry.","Empty, rinse if sticky, and dry.","If contaminated or chemical-stained, ask facilities.",,Plastic resin types,https://www.nea.gov.sg/docs/default-source/our-services/waste-management/recycling-faqs.pdf,https://www.nea.gov.sg/media/news/news/index/new-bloobin-ai-chatbot-to-help-public-recycle-right
P056,plastic number 5; PP 5; polypropylene; resin code 5,conditional,Usually accepted if it is clean rigid packaging,"PP containers, tubs and lids may be accepted if they are rigid packaging and are empty, clean and dry.","Empty, rinse and dry.","If it is disposable cutlery, straw, dirty foodware or a tiny item, do not use this bin.",,Plastic resin types,https://www.nea.gov.sg/docs/default-source/our-services/waste-management/recycling-faqs.pdf,https://www.nea.gov.sg/media/news/news/index/new-bloobin-ai-chatbot-to-help-public-recycle-right
P057,plastic number 3; plastic number 4; plastic number 6; plastic number 7; LDPE 4; PS 6; other 7; resin code,conditional,Conditional — the number alone is not enough,"Plastic resin numbers help identify material, but they do not automatically prove the item is accepted. Use the item type and condition to decide.","If it is clean plastic packaging and your site accepts it, recycle it. If unsure, ask facilities.","Keep contaminated, tiny, foam, mixed-material and non-packaging plastics out.",Ask facilities for site-specific resin guidance.,Plastic resin types,https://www.nea.gov.sg/docs/default-source/our-services/waste-management/recycling-faqs.pdf,https://www.nea.gov.sg/media/news/news/index/new-bloobin-ai-chatbot-to-help-public-recycle-right
P058,battery; batteries; power bank; lithium battery; alkaline battery,no,No — batteries are e-waste/hazardous waste,Batteries and power banks must not go into the plastics-only bin.,,Use dedicated battery or e-waste recycling points.,Report immediately if batteries are found in the bin.,E-waste,https://www.nea.gov.sg/docs/default-source/our-services/waste-management/recycling-faqs.pdf,https://www.nea.gov.sg/media/news/news/index/new-bloobin-ai-chatbot-to-help-public-recycle-right
P059,phone; charger; cable; earpiece; headphones; mouse; keyboard; USB; electronic; e-waste,no,No — e-waste does not belong here,"Electronics, chargers, cables and e-waste should not go into the plastics-only bin.",,Use an e-waste recycling point or ask facilities.,Report e-waste contamination.,E-waste,https://www.nea.gov.sg/docs/default-source/our-services/waste-management/recycling-faqs.pdf,https://www.nea.gov.sg/media/news/news/index/new-bloobin-ai-chatbot-to-help-public-recycle-right
P060,clothes; textile; shirt; shoes; bag; fabric; tote bag,no,No — textiles and shoes are not accepted,"Clothes, shoes, fabric and bags do not belong in a plastics-only bin.",,Donate usable items or use a textile recycling/donation stream. Use general waste if unusable.,,Textiles,https://www.nea.gov.sg/media/news/news/index/new-bloobin-ai-chatbot-to-help-public-recycle-right,https://www.nea.gov.sg/media/news/news/index/new-bloobin-ai-chatbot-to-help-public-recycle-right
P061,wood; wooden chopsticks; chopsticks; ice cream stick,no,No — wood is not plastic,Wooden items and chopsticks are not plastic and should not go into the plastics-only bin.,,Use general waste unless a dedicated organics/wood stream is available.,,Non-plastic waste,https://www.nea.gov.sg/docs/default-source/our-services/waste-management/recycling-faqs.pdf,https://www.nea.gov.sg/media/news/news/index/new-bloobin-ai-chatbot-to-help-public-recycle-right
P062,takeaway bag with food; plastic bag with food; bag of rubbish; trash bag; rubbish bag; general waste bag,no,No — bagged rubbish is contamination,Do not place bagged rubbish or bags containing mixed waste into the plastics-only bin.,,"Use general waste. Only clean, empty plastic items should enter the plastics-only bin.",Report contamination if rubbish bags are found.,Contamination,https://www.nea.gov.sg/media/news/news/index/new-bloobin-ai-chatbot-to-help-public-recycle-right,https://www.nea.gov.sg/media/news/news/index/new-bloobin-ai-chatbot-to-help-public-recycle-right
P063,pizza box; food box; greasy cardboard; paper food box,no,No — food-stained paper/cardboard is not accepted,Food-stained boxes and greasy cardboard should not go into the plastics-only bin.,,Use general waste.,Report if food boxes contaminate the bin.,Contamination,https://www.nea.gov.sg/media/news/news/index/new-bloobin-ai-chatbot-to-help-public-recycle-right,https://www.nea.gov.sg/media/news/news/index/new-bloobin-ai-chatbot-to-help-public-recycle-right
P064,wet plastic; dirty plastic; sticky plastic; smelly plastic; plastic with residue,no,No — clean and dry first,"Wet, sticky, dirty or smelly plastic should not go into this bin because it can contaminate the plastics stream.",Rinse and dry only if it is easy to clean.,"If cleaning would use too much water or the item remains dirty, use general waste.",Report if wet waste is found in the bin.,Contamination,https://www.nea.gov.sg/media/news/news/index/new-bloobin-ai-chatbot-to-help-public-recycle-right,https://www.nea.gov.sg/media/news/news/index/new-bloobin-ai-chatbot-to-help-public-recycle-right
P065,unknown item; not sure; unsure; mystery item; cannot tell; what bin,conditional,Check the 4-step plastics-only rule,"If you are unsure, only use this bin when the item is definitely plastic, empty, clean and dry.","Check the material label, bin signage and item condition.","If it is mixed material, dirty, wet, food-stained, e-waste, battery, tissue, paper, metal or glass, keep it out of this bin.",Ask facilities for unclear items.,General decision rule,https://www.nea.gov.sg/media/news/news/index/new-bloobin-ai-chatbot-to-help-public-recycle-right,https://www.nea.gov.sg/media/news/news/index/new-bloobin-ai-chatbot-to-help-public-recycle-right
P066,reusable bottle; plastic reusable bottle; sports bottle; water tumbler; plastic tumbler,conditional,Conditional — reuse first,"Reusable plastic bottles and tumblers should be reused where possible. Recycle only if the item is broken, fully plastic, clean, dry and accepted by the site.","Remove metal, silicone or rubber parts where possible.","If mixed-material or still usable, reuse or donate instead of recycling.",Ask facilities for bulky or mixed reusable bottles.,Reusable items,https://www.nea.gov.sg/docs/default-source/our-services/waste-management/recycling-faqs.pdf,https://www.nea.gov.sg/media/news/news/index/new-bloobin-ai-chatbot-to-help-public-recycle-right
P067,silicone; rubber; silicone lid; rubber band; rubber glove,no,No — silicone and rubber are not accepted,Silicone and rubber items should not go into the plastics-only recycling bin.,,Use general waste unless a dedicated take-back programme exists.,,Non-plastic materials,https://www.nea.gov.sg/docs/default-source/our-services/waste-management/recycling-faqs.pdf,https://www.nea.gov.sg/media/news/news/index/new-bloobin-ai-chatbot-to-help-public-recycle-right
P068,plastic envelope; courier bag; mailing bag; poly mailer; delivery bag,conditional,Conditional — clean soft plastic only,"Courier bags and poly mailers are soft plastics. They should only go into this bin if clean, dry and accepted by your site.",Remove paper labels where practical. Empty completely.,"If dirty, sticky, wet, or lined with bubble/foil/paper that cannot be separated, use general waste.",Ask facilities whether poly mailers are accepted.,Soft plastics,Medium,https://www.nea.gov.sg/docs/default-source/our-services/waste-management/recycling-faqs.pdf
P069,plastic tape; adhesive tape; scotch tape; packing tape; masking tape,no,No — tape should not go into the bin,Tape is not suitable for the plastics-only recycling bin.,,Remove tape from recyclable plastics where practical and place tape in general waste.,,Small/mixed plastics,https://www.nea.gov.sg/docs/default-source/our-services/waste-management/recycling-faqs.pdf,https://www.nea.gov.sg/media/news/news/index/new-bloobin-ai-chatbot-to-help-public-recycle-right
P070,label sticker; sticker; price tag sticker; barcode sticker,no,No — loose stickers are not accepted,Loose stickers and labels are not suitable for the plastics-only recycling bin.,,Leave small labels on bottles if not easy to remove. Put loose stickers in general waste.,,Small/mixed plastics,https://www.nea.gov.sg/docs/default-source/our-services/waste-management/recycling-faqs.pdf,https://www.nea.gov.sg/media/news/news/index/new-bloobin-ai-chatbot-to-help-public-recycle-right
P071,ice cream tub; butter tub; margarine tub; spread tub; plastic food tub,conditional,Conditional — only if clean and dry,"Plastic tubs for ice cream, butter or spreads can only go into the plastics-only bin if completely clean and dry.",Remove food residue. Rinse if oily/sticky. Dry before recycling.,"If oily, sticky or hard to clean, use general waste.",,Plastic food containers,https://www.nea.gov.sg/media/news/news/index/new-bloobin-ai-chatbot-to-help-public-recycle-right,https://www.nea.gov.sg/media/news/news/index/new-bloobin-ai-chatbot-to-help-public-recycle-right
P072,egg carton; paper egg carton; cardboard egg tray,no,No — paper/cardboard egg cartons are not plastics-only,Paper or cardboard egg cartons do not belong in the plastics-only bin.,,"Use the paper/cardboard recycling stream if clean and dry, or general waste if dirty.",,Paper/cardboard,https://www.nea.gov.sg/docs/default-source/our-services/waste-management/recycling-faqs.pdf,https://www.nea.gov.sg/media/news/news/index/new-bloobin-ai-chatbot-to-help-public-recycle-right
P073,plastic egg tray; clear egg tray; egg plastic tray,yes,Yes — clean plastic egg trays are accepted,"Clean plastic egg trays can go into the plastics-only bin if empty, clean and dry.","Remove broken egg, food residue or paper labels where practical.","If contaminated with egg residue, clean first or use general waste.",,Plastic trays,https://www.nea.gov.sg/media/news/news/index/new-bloobin-ai-chatbot-to-help-public-recycle-right,https://www.nea.gov.sg/media/news/news/index/new-bloobin-ai-chatbot-to-help-public-recycle-right
P074,plastic bottle with liquid; half full bottle; bottle with drink; bottle with tea; bottle with coffee,no,No — empty the liquid first,A plastic bottle with liquid inside should not go into the plastics-only bin.,,"Empty the liquid first, rinse if sticky, dry the bottle, then recycle if accepted.",Report repeated liquid contamination.,Liquids,https://www.nea.gov.sg/media/news/news/index/new-bloobin-ai-chatbot-to-help-public-recycle-right,https://www.nea.gov.sg/media/news/news/index/new-bloobin-ai-chatbot-to-help-public-recycle-right
P075,plastic bag with receipts; plastic bag with paper; bag with receipt; bag with labels,conditional,Conditional — remove non-plastic contents first,"The plastic bag may only be recycled if it is clean, dry and accepted by your site. Receipts, paper and rubbish must be removed.",Empty the bag fully. Remove receipts and non-plastic items.,"If the bag is dirty or your site does not accept soft plastics, use general waste.",,Soft plastics,Medium,https://www.nea.gov.sg/docs/default-source/our-services/waste-management/recycling-faqs.pdf
P076,broken plastic; cracked plastic; damaged plastic container,conditional,Conditional — depends on item type and cleanliness,"A broken plastic container may be recyclable if it is rigid plastic packaging, clean, dry and safe to handle.","Make sure it is empty, clean and dry. Avoid sharp edges.","If it is sharp, bulky, mixed-material or not packaging, use general waste or ask facilities.",Report if sharp broken items create a safety risk.,Damaged plastic,Medium,https://www.nea.gov.sg/docs/default-source/our-services/waste-management/recycling-faqs.pdf
P077,plastic plant label; plant tag; small plastic tag,no,No — small tags are not accepted,Small plastic tags are difficult to sort and should not go into the plastics-only bin.,,Use general waste or reuse the tag.,,Small plastics,https://www.nea.gov.sg/docs/default-source/our-services/waste-management/recycling-faqs.pdf,https://www.nea.gov.sg/media/news/news/index/new-bloobin-ai-chatbot-to-help-public-recycle-right
P078,CD; DVD; disc; plastic disc,no,No — discs are not accepted,"CDs, DVDs and discs are not accepted in this plastics-only bin because they are not normal plastic packaging.",,"Use e-waste/media recycling if available, or general waste.",,Media,https://www.nea.gov.sg/docs/default-source/our-services/waste-management/recycling-faqs.pdf,https://www.nea.gov.sg/media/news/news/index/new-bloobin-ai-chatbot-to-help-public-recycle-right
P079,plastic packaging with paper; paper plastic packaging; mixed packaging; multi material packaging,conditional,Conditional — separate materials first,"Mixed paper-plastic packaging should not go into the plastics-only bin unless the plastic part can be separated, cleaned and is accepted.",Separate plastic from paper where practical. Recycle only the clean plastic portion if accepted.,"If materials cannot be separated, use general waste.",,Mixed materials,https://www.nea.gov.sg/docs/default-source/our-services/waste-management/recycling-faqs.pdf,https://www.nea.gov.sg/media/news/news/index/new-bloobin-ai-chatbot-to-help-public-recycle-right
P080,compostable cup; compostable container; eco cup; bioplastic container,no,No — compostable packaging is not plastics-only recycling,Compostable cups and containers should not go into a plastics-only recycling stream.,,Use general waste unless a dedicated compostable packaging stream is provided.,Ask event organisers/facilities if they supplied compostable packaging.,Compostable packaging,https://www.nea.gov.sg/docs/default-source/our-services/waste-management/recycling-faqs.pdf,https://www.nea.gov.sg/media/news/news/index/new-bloobin-ai-chatbot-to-help-public-recycle-right
